Slice	Channel	C01	C01x	C02	C02x	C03	C03x	C04	C04x	C05	C05x	C06	C06x	C07	C07x	C08	C08x	C09	C09x	C10	C10x	C11	C11x	C12	C12x
1	1	78.575	170.72	42.737	174.618	93.349	177.435	82.931	178.989	159.6	173.28	88.302	174.07	168.364	174.002	87.65	171.459	101.931	173.687	96.643	171.973	67.624	175.69	37.795	167.735
1	2	12.062	324.24	12.062	332.596	46.133	340.059	26.984	341.365	46.18	330.376	33.203	325.561	45.338	323.663	16.655	319.275	12.829	327.104	29.185	321.896	22.413	328.458	6.128	307.967
1	3	7.824	1066.408	7.988	1183.151	-7.15	1201.501	-70.5	1095.524	-16.385	907.383	35.128	1009.209	-46.302	1127.362	-34.582	826.46	37.657	1413.244	-5.838	1380.607	5.045	1265.17	76.293	1251.999
4	1	154.759	168.597	63.212	172.088	123.821	172.908	106.942	172.326	203.748	167.621	131.36	170.724	211.62	175.389	129.528	161.953	166.247	170.895	143.759	167.184	80.181	170.274	114.141	162.267
4	2	54.631	311.601	24.428	320.926	66.042	322.972	43.406	320.055	86.091	303.138	52.499	304.08	74.872	309.773	36.028	289.056	46.879	313.313	57.104	304.364	34.746	310.315	36.611	289.532
4	3	15.499	1069.965	3.572	1193.662	64.329	1170.173	-85.279	1114.436	-0.662	900.424	39.069	1011.008	-31.268	1109.29	-59.314	845.967	38.284	1409.636	34.297	1320.957	-6.518	1257.349	61.007	1248.458
7	1	187.143	169.642	69.227	174.831	125.95	175.132	103.049	173.604	218.835	169.936	167.207	171.352	203.529	169.465	131.037	165.499	170.608	179.164	160.928	169.697	72.734	170.888	181.323	164.299
7	2	78.977	313.102	31.722	322.909	73.792	326.112	45.005	320.865	98.176	303.851	65.43	305.694	90.961	299.18	36.367	293.007	55.899	317.811	67.993	306.019	37.037	309.149	67.827	292.832
7	3	3.341	1087.453	-17.61	1206.302	22.364	1186.583	-42.482	1071.952	2.509	897.752	69.95	984.759	-91.553	1153.247	-50.558	838.911	7.557	1436.196	31.847	1334.475	3.647	1248.748	96.983	1192.168
10	1	181.45	172.254	64.496	174.027	121.55	173.443	95.355	174.002	188.065	168.171	197.582	171.808	170.957	179.081	112.378	166.605	180.143	174.521	155.201	168.928	56.364	171.735	201.588	164.636
10	2	85.116	309.318	30.323	321.911	72.957	324.086	41.897	319.8	88.965	301.878	81.332	308.851	74.234	306.909	29.785	293.785	63	313.205	67.895	304.082	25.418	312.389	92.171	287.511
10	3	6.466	1112.955	-6.878	1219.293	49.059	1175.287	-82.75	1120.136	4.076	909.265	47.096	1029.446	-50.086	1119.626	-64.962	879.407	7.851	1438.201	80.168	1339.823	-11.309	1279.527	21.887	1262.361
13	1	176.254	169.091	66.381	174.626	125.275	173.988	103.018	174.442	186.111	168.274	250.377	175.891	156.065	184.285	102.832	166.589	212.338	173.223	164.072	169.402	55.127	174.422	213.922	165.964
13	2	83.08	315.616	29.07	326.335	73.575	325.584	43.754	323.46	87.232	300.709	103.633	312.933	69.594	311.922	27.38	294.926	78.623	316.133	70.477	306.871	23.683	317.111	93.728	297.135
13	3	45.494	1104.609	2.085	1222.018	53.533	1181.043	-128.796	1167.642	30.759	898.833	31.819	1053.64	-24.253	1125.724	-61.596	893.371	12.417	1430.329	94.296	1324.21	-7.063	1282.929	53.409	1225.986
16	1	163.019	172.736	64.732	176.505	113.984	176.901	110.738	175.667	206.02	171.773	291.667	175.221	150.937	177.558	104.139	172	233.128	172.973	141.05	171.917	58.559	170.331	197.152	166.647
16	2	75.669	315.691	27.422	326.135	66.042	328.135	50.066	323.189	85.501	315.191	124.118	309.249	66.336	306.487	28.063	296.469	92.03	315.571	60.143	307.705	31.072	308.479	89.604	295.918
16	3	36.171	1123.438	-11.115	1246.961	31.101	1210.864	-85.51	1125.652	-10.563	947.734	45.669	1048.904	-47.489	1152.699	-54.693	886.874	15.987	1420.493	81.655	1334.365	61.123	1225.925	46.986	1226.63
19	1	150.318	172.508	68.038	177.236	111.492	176.971	113.293	175.691	207.233	172.018	316.45	180.512	142.173	175.612	94.311	170.107	229.092	172.517	121.602	171.409	58.681	173.285	163.031	178.93
19	2	66.321	316.987	27.893	328.009	65.781	329.315	50.374	324.145	88.622	314.756	136.314	313.121	65.141	303.616	26.379	297.023	89.453	317.451	52.091	307.508	26.514	315.252	70.908	304
19	3	45.749	1129.877	5.127	1253.037	31.192	1212.115	-99.516	1146.696	-21.929	979.73	20.492	1104.729	-39.431	1197.321	-66.462	913.229	39.98	1409.631	75.093	1329.072	-0.837	1278.435	17.698	1267.557
22	1	133.292	171.077	76.432	179.059	100.033	179.834	115.883	178.463	180.156	174.836	332.788	174.065	119.31	187.717	83.884	174.298	194.691	174.309	110.164	174.642	66.471	177.105	143.812	172.496
22	2	47.509	359.896	24.742	375.55	52.42	398.572	55.002	410.69	91.238	411.626	127.763	419.44	53.357	406.796	20.843	424.01	64.301	363.183	39.087	365.149	20.71	391.771	51.146	370.834
22	3	28.522	1151.85	-6.461	1262.25	39.525	1209.917	-99.444	1152.356	-19.913	981.858	75.834	1033.755	-27.472	1179.15	-39.445	900.804	46.423	1414.656	73.686	1331.438	8.972	1294.671	28.353	1261.957
25	1	122.342	169.901	85.292	177.687	93.419	178.133	127.496	176.387	208.928	171.98	327.965	177.516	131.749	174.767	93.308	171.51	179.746	172.147	97.652	172.083	83.083	171.432	136.007	163.56
25	2	52.558	314.53	36.212	324.844	58.792	327.403	53.28	323.493	86.443	314.99	133.51	308.476	57.767	303.608	18.781	299.669	63.915	316.213	40.345	306.195	39.671	309.245	66.284	285.134
25	3	28.157	1166.164	23.179	1263.818	33.451	1231.623	-93.484	1166.36	-19.479	999.023	11.701	1096.134	-36.191	1195.775	-33.097	898.958	51.108	1420.29	62.637	1351.086	31.376	1274.626	35.387	1257.977
28	1	119.139	171.969	91.985	178.562	80.729	177.376	148.145	177.582	193.197	173.848	362.089	179.725	107.949	172.667	99.186	168.46	138.004	173.239	105.381	171.171	89.355	171.402	116.746	163.378
28	2	51.857	314.05	37.258	327.118	56.009	327.299	60.296	324.588	78.272	316.115	143.128	307.7	46.107	300.906	26.412	293.213	44.513	316.353	41.67	306.129	43.39	309.619	61.186	284.653
28	3	10.808	1173.401	11.347	1273.66	40.705	1223.53	-66.231	1163.364	-14.175	1000.409	36.653	1083.45	-66.731	1209.441	-68.033	936.682	24.345	1436.786	89.856	1333.35	17.784	1293.833	33.076	1248.073
31	1	107.4	170.903	93.017	180.464	69.952	183.318	134.566	178.885	182.222	173.935	367.492	173.243	109.386	171.895	105.521	167.716	108.541	172.942	93.833	172.119	93.511	172.213	89.053	165.163
31	2	45.399	314.66	37.531	326.188	49.743	331.228	54.062	324.513	70.75	317.157	151.037	303.413	41.114	300.605	26.71	292.995	31.843	317.129	37.036	308.992	41.715	310.505	48.842	287.219
31	3	24.435	1143.398	8.467	1271.706	3.903	1264.63	-90.691	1176.01	-28.982	1023.997	57.161	1048.401	-81.478	1202.267	-61.372	937.969	58.448	1410.195	74.109	1351.651	1.414	1304.441	21.353	1269.055
34	1	87.662	171.592	92.646	178.438	63.797	180.222	144.02	175.973	167.516	173.8	364.546	176.914	91.393	176.43	94.514	168.863	74.333	172.782	84.491	169.816	103.727	171.767	80.007	163.518
34	2	38.079	313.552	38.743	326.691	43.881	331.301	59.18	321.646	68.329	314.592	152.044	305.396	34.822	304.258	24.59	292.353	18.534	318.023	36.457	304.234	45.828	309.303	47.103	285.58
34	3	4.858	1148.716	11.512	1290.323	34.925	1234.901	-84.405	1186.787	-22.89	1029.769	54.215	1055.393	-47.895	1207.869	-64.595	958.824	35.778	1429.268	83.36	1330.869	20.376	1293.961	29.122	1262.833
37	1	79.992	172.254	91.693	180.777	62.041	177.328	171.22	181.087	180.899	173.07	331.132	186.514	128.513	171.418	84.982	169.587	97.929	172.933	80.255	171.183	121.9	173.734	65.481	166.458
37	2	31.782	315.165	41.35	326.188	51.96	326.763	68.312	325.352	71.026	314.855	125.146	322.939	49.091	300.775	23.367	293.709	25.986	317.705	39.085	307.459	49.376	312.302	40.827	290.832
37	3	-9.204	1149.174	18.603	1285.78	46.955	1239.516	-61.594	1178.023	-20.976	1033.502	38.8	1073.841	-51.671	1227.902	-52.877	956.692	50.044	1427.453	73.315	1350.522	-6.718	1317.494	-12.578	1292.494
40	1	78.78	171.577	82.658	183.979	55.256	178.193	197.501	178.407	192.003	174.582	323.406	179.025	156.755	171.655	38.128	172.79	126.133	174.055	74.203	172.411	127.1	175.292	67.222	164.537
40	2	30.216	317.254	35.232	330.954	55.203	326.186	86.268	324.603	73.154	318.283	137.854	306.323	59.133	301.126	9.274	301.397	37.579	319.065	38.698	308.999	52.236	315.455	42.688	287.111
40	3	1.398	1143.17	-5.414	1306.297	30.448	1249.738	-44.27	1182.74	-26.744	1055.226	44.117	1067.921	-66.887	1234.779	-24.492	1022.716	40.982	1434.557	57.496	1353.247	-8.298	1321.409	37.447	1252.634
43	1	71.133	172.035	74.681	182.054	47.624	180.493	224.669	180.351	233.678	175.187	270.803	185.745	220.942	169.396	40.594	171.028	119.879	174.896	66.144	171.786	138.016	176.913	73.878	165.202
43	2	27.252	317.493	34.886	328.951	48.62	332.798	94.7	326.117	94.823	318.099	114.393	311.341	81.999	298.784	11.957	300.899	36.895	322.101	39.566	308.414	56.166	316.932	41.32	289.86
43	3	-2.101	1149.969	-5.349	1306.135	24.367	1254.503	-46.582	1192.591	-14.453	1046.326	-18.065	1134.552	-49.837	1236.321	-18.875	1031.888	83.97	1395.836	71.604	1344.622	-4.591	1325.348	23.891	1277.454
46	1	51.908	172.033	63.1	180.569	46.37	179.158	277.125	179.215	230.453	174.158	234.642	185.678	246.416	175.596	38.732	170.356	118.547	179.886	53.894	172.587	172.66	175.485	83.59	166.843
46	2	15.836	319.18	24.819	330.02	50.706	330.676	119.867	325.321	99.717	317.936	96.526	312.934	94.516	303.948	9.35	302.969	38.886	323.409	28.382	310.493	70.967	315.712	44.624	293.231
46	3	-26.576	1172.769	-1.205	1307.291	23.81	1265.399	-45.461	1208.998	-12.38	1052.742	-32.611	1157.663	-46.138	1243.394	-22.347	1035.638	32.739	1459.052	38.867	1353.987	-3.125	1321.575	0.9	1289.62
49	1	41.542	172.019	56.109	180.697	42.494	180.953	332.448	183.137	256.899	174.989	201.788	181.012	322.454	172.567	31.396	169.087	115.485	175.905	48.072	175.264	209.26	176.08	82.936	168.314
49	2	12.839	318.109	21.469	331.303	48.882	334.291	156.769	327.498	114.774	319.344	81.173	311.76	130.984	301.086	5.925	302.821	37.391	323.586	26.918	316.239	89.409	317.223	44.706	297.04
49	3	5.031	1159.574	2.318	1319.626	4.898	1283.36	-35.496	1208.75	-9.302	1059.658	-46.847	1162.351	-38.889	1245.427	-9.226	1037.87	113.801	1375.591	33.563	1366.012	-6.583	1330.387	11.731	1278.249
52	1	34.436	171.62	57.322	179.387	42.069	180.545	324.984	183.532	253.589	174.859	195.939	173.749	384.55	176.166	29.894	170.863	93.957	176.482	45.33	174.349	229.412	174.586	73.69	169.3
52	2	11.601	318.028	22.533	330.12	46.934	332.474	158.415	327.557	118.506	318.403	82.128	306.24	161.743	302.033	5.514	303.887	28.42	323.516	22.346	314.228	104.405	314.018	41.072	298.854
52	3	23.484	1167.402	-24.355	1359.316	25.743	1269.509	-45.47	1218.24	1.11	1060.089	-32.976	1179.001	-28.862	1245.743	-16.886	1050.883	80.106	1406.648	29.348	1363.315	1.452	1329.959	27.945	1258.117
55	1	32.41	171.943	57.846	178.94	40.426	181.312	303.216	186.862	227.932	179.686	164.526	176.99	415.202	175.377	26.827	169.339	78.27	176.812	52.231	174.878	238.406	176.423	63.418	169.572
55	2	11.516	317.404	23.586	330.361	47.401	332.87	147.072	329.543	110.413	318.477	64.289	311.295	178.128	303.616	8.602	303.414	22.073	326.272	32.643	315.295	104.828	317.632	37.729	298.84
55	3	12.428	1185.036	-23.268	1394.859	13.001	1275.059	-29.809	1214.901	4.957	1064.2	33.147	1114.373	-40.631	1241.212	-14.296	1059.122	80.865	1399.035	40.892	1356.785	-3.688	1333.622	10.025	1275.737
58	1	30.555	172.157	59.992	179.597	37.118	182.556	326.558	185.692	190.647	176.525	149.055	181.322	411.942	185.993	24.426	170.405	94.182	176.458	54.777	174.231	236.103	177.881	43.393	178.486
58	2	11.756	317.043	21.902	332.172	44.506	332.408	149.693	330.274	88.473	319.896	55.59	315.831	176.577	310.903	7.478	306.262	23.507	326.779	29.16	314.287	101.915	319.807	27.383	300.536
58	3	25.467	1192.961	-32.287	1394.658	-6.494	1303.874	-54.355	1239.842	8.271	1067.552	-24.431	1182.176	-26.337	1244.287	-19.568	1057.284	77.061	1397.964	37.193	1350.53	-9.253	1342.419	54.722	1237.525
61	1	28.366	172.699	74.486	179.672	33.544	183.474	329.701	181.744	164.998	177.097	156.742	172.586	329.635	180.465	19.187	172.529	101.374	178.89	64.137	175.697	222.795	175.532	42.543	168.752
61	2	8.461	317.54	27.355	330.92	35.867	333.914	153.814	328.162	71.71	323.165	58.309	310.453	139.691	309.173	4.752	309.805	28.4	326.575	32.134	315.401	100.107	315.522	30.97	295.122
61	3	19.554	1203.333	-31.149	1394.284	-22.483	1326.949	-42.922	1234.681	8.837	1075.801	39.002	1154.491	-24.598	1242.616	-12.802	1065.413	34.409	1427.743	28.358	1354.926	15.598	1321.283	-3.681	1258.826
64	1	25.03	172.763	81.806	179.53	32.685	184.393	293.401	200.989	138.874	178.206	154.832	178.504	297.591	178.25	14.15	173.564	107.352	177.898	60.565	176.077	200.158	180.184	37.824	170.757
64	2	9.051	315.897	31.737	331.979	39.279	335.074	128.448	344.881	59.012	321.385	59.423	314.282	118.138	305.184	1.047	314.095	29.61	327.443	33.149	315.75	86.422	321.644	33.455	299.471
64	3	17.385	1213.39	-10.884	1385.042	7.024	1304.416	-42.702	1247.424	14.025	1085.661	12.722	1189.616	-43.388	1245.955	-28.323	1082.815	65.661	1402.598	58.815	1350.132	-6.486	1346.511	16.399	1262.839
67	1	25.533	171.683	88.464	180.336	34.476	183.593	314.274	184.423	131.011	176.814	151.411	173.955	231.903	176.505	8.96	174.291	122.307	177.285	68.038	175.837	195.243	177.91	38.419	171.286
67	2	10.013	314.548	35.136	332.884	37.419	335.74	135.898	330.35	53.56	321.642	60.45	311.384	87.35	306.083	1.741	312.871	36.037	325.208	37.885	317.905	81.382	320.872	37	301.28
67	3	31.102	1213.533	-13.159	1401.43	-43.657	1350.113	-27.948	1246.608	9.572	1081.347	20.936	1184.061	-53.487	1244.301	-44.09	1112.175	19.89	1418.418	30	1349.759	-2.273	1336.805	30.428	1245.385
70	1	19.832	171.705	101.194	177.703	33.225	182.263	297.043	182.896	132.227	174.622	138.482	176.437	209.206	169.927	8.195	174.784	123.933	175.49	68.206	175.314	175.57	174.899	30.593	168.402
70	2	3.583	317.533	38.914	331.008	36.791	333.782	124.414	329.308	52.586	319.842	55.269	310.412	74.483	304.064	1.074	314.715	34.688	322.382	33.195	319.345	73.271	316.947	28.397	300.462
70	3	-1.841	1240.028	-16.331	1407.951	-36.298	1353.068	-37.609	1262.121	19.522	1082.587	21.161	1187.647	-40.657	1235.052	-36.096	1109.267	-0.285	1432.273	5.836	1365.696	10.856	1327.064	19.608	1249.375
73	1	16.822	172.916	102.287	179.068	36.254	183.16	293.525	197.947	149.001	175.967	131.077	180.841	203.73	177.403	3.466	178.389	130.01	177.364	71.212	175.64	172.673	178.985	26.394	169.245
73	2	0.122	319.936	38.659	332.207	41.576	335.318	120.128	338.589	59.627	320.581	39.932	321.912	68.74	307.313	-4.708	319.895	36.712	323.975	37.354	319.363	65.826	322.441	29.939	300.756
73	3	-8.892	1250.117	-23.171	1413.201	-35.071	1358.336	-31.267	1263.339	19.668	1095.89	-46.825	1257.886	-45.391	1239.099	-118.037	1188.107	-9.464	1422.699	27.79	1349.488	-1.743	1337.32	0.918	1272.099
76	1	18.166	174.454	107.056	179.161	39.767	184.074	310.466	182.578	165.129	178.101	130.497	181.302	188.705	171.848			147.699	177.914	73.336	175.853	165.982	177.949	23.619	169.699
76	2	1.274	323.647	40.058	335.523	42.165	336.923	135.226	330.988	67.112	323.719	37.375	324.931	65.616	306.919			44.862	326.931	48.568	318.379	68.768	323.453	29.948	300.001
76	3	-35.75	1287.802	-15.781	1406.943	-28.136	1356.023	-40.2	1280.717	11.486	1100.732	-17.236	1243.291	-4.279	1227.964			10.416	1404.413	34.816	1319.093	1.914	1329.069	3.72	1255.994
79	1	20.205	174.688	117.079	180.408	43.374	184.796	331.754	183.514	202.332	174.694	150.654	181.158	201.121	182.648			189.141	178.459	74.386	176.907	158.83	181.739	22.945	168.643
79	2	1.197	325.442	40.615	335.969	42.712	338.602	135.145	333.195	84.427	315.884	39.015	324.783	63.399	309.407			52.971	329.258	44.026	321.582	59.267	327.907	29.13	297.376
79	3	-33.105	1297.456	-28.591	1416.764	-24.586	1353.064	-42.333	1281.712	12.32	1116.882	-40.499	1251.114	-2.926	1224.661			18.152	1391.206	21.621	1306.951	-11.29	1333.381	18.835	1228.363
82	1	18.85	176.911	112.326	180.692	43.442	186.995	279.292	186.848	234.817	174.438	131.202	182.658	212.114	173.791			194.329	182.074	68.109	177.365	148.458	179.55	24.446	169.308
82	2	-1.737	327.818	38.658	337.441	34.34	349.209	117.272	335.563	104.861	314.463	33.388	327.727	73.26	304.87			60.785	330.046	40.808	322.766	57.272	327.476	32.498	297.814
82	3	-47.002	1299.401	-22.667	1402.975	-15.147	1348.192	-36.132	1283.002	-8.623	1130.826	-63.238	1250.053	-6.696	1218.652			43.648	1355.092	19.472	1306.463	-13.031	1322.436	17.312	1216.819
85	1	20.708	175.621	119.385	182.501	45.477	184.64	237.215	183.807	250.072	174.315	119.372	184.041	203.981	174.658			170.335	179.21	59.527	177.694	146.785	182.841	27.968	169.072
85	2	3.304	325.254	45.484	337.083	44.6	344.064	105.941	336.316	120.139	315.69	32.5	331.137	76.499	311.623			58.581	334.081	29.016	329.721	64.268	334.041	32.922	303.839
85	3	-50.385	1326.627	4.935	1388.158	-25.031	1372.994	-4.018	1276.191	-15.758	1160.141	-82.657	1260.093	31.685	1184.984			14.835	1370.31	32.787	1298.537	-27.354	1331.129	17.496	1216.782
88	1	19.318	177.894	133.905	182.589	46.537	186.576	201.745	184.515	254.975	176.193	119.674	184.181	183.969	172.397			193.465	184.876	53.291	177.716	148.015	183.618	30.968	171.729
88	2	1.086	328.463	56.771	336.665	43.649	345.205	94.286	333.631	125.935	317.696	33.737	328.537	73.688	304.859			74.034	330.401	28.086	321.758	68.465	329.052	34.15	302.633
88	3	-3.652	1304.959	-3.491	1396.901	-23.371	1360.417	-14.516	1274.839	-5.029	1144.182	-98.273	1252.49	-4.262	1192.839			-7.703	1346.144	33.856	1280.621	-6.009	1301.763	-9.577	1229.493
91	1	18.949	177.115	158.792	182.679	50.504	185.524	190.815	188.34	258.453	175.755	117.483	184.228	157.403	174.13			162.407	180.51	50.09	177.969	147.76	183.615	34.65	170.44
91	2	3.302	326.085	64.88	340.791	42.372	342.274	88.405	336.621	131.269	317.515	32.826	330.463	57.88	306.456			60.209	330.827	36.349	322.255	70.941	328.566	35.5	298.6
91	3	-60.7	1323.714	-6.023	1398.247	-21.175	1353.891	-14.394	1265.067	-13.397	1154.817	-112.047	1248.804	-15.011	1190.431			-3.298	1334.218	9.744	1274.176	-16.62	1308.402	29.164	1186.362
94	1	20.711	177.953	206.812	183.217	52.642	186.112	207.37	182.635	256.118	177.657	130.428	183.947	167.788	169.345			178.706	180.68	55.296	178.498	159.087	185.712	39.585	170.832
94	2	2.492	325.943	88.849	341.325	43.198	344.444	98.588	334.273	129.755	320.675	41.235	327.888	70.65	297.06			62.297	331.008	32.976	322.898	72.433	331.647	38.141	298.851
94	3	-65.481	1342.109	-4.938	1384.134	-10.936	1350.483	22.276	1253.082	-1.453	1155.863	-126.891	1267.226	-7.369	1175.691			-34.16	1336.886	26.968	1270.725	-16.667	1291.378	24.949	1173.902
97	1	18.829	180.654	271.313	183.973	58.61	189.002	211.701	184.837	245.614	179.656	141.713	186.176	183.856	171.971			168.809	180.737	57.983	179.074	178.46	188.079	43.172	174.408
97	2	-2.262	332.819	119.435	343.861	53.262	345.615	95.567	338.052	123.665	321.489	41.681	332.911	74.698	302.267			57.255	333.111	45.134	324.524	80.154	334.659	35.697	305.42
97	3	-16.832	1311.152	-9.053	1387.46	-8.079	1345.814	12.366	1250.144	-3.432	1156.055	-104.56	1257.384	-26.354	1192.566			-29.945	1330.265	27.396	1269.85	-17.458	1283.443	3.737	1193.676
100	1	22.976	179.721	313.17	193.071	66.55	190.796	225.704	184.67	221.928	180.777	159.556	187.897	123.452	172.264			143.373	181.86	55.598	179.6	204.721	185.35	41.042	175.134
100	2	1.214	329.165	147.676	342.711	58.338	347.948	97.797	337.182	109.315	321.386	48.75	331.076	50.276	302.213			46.413	332.318	40.783	326.005	87.931	335.519	37.356	307.963
100	3	-49.565	1353.613	-20.36	1391.9	-1.059	1337.058	28.552	1238.996	6.439	1150.809	-102.136	1235.78	-15.121	1171.612			-16.439	1324.914	26.815	1255.195	-14.643	1275.095	-4.268	1195.65
103	1	23.528	185.055	356.323	201.269	77.48	191.822	251.414	186.445	204.19	180.471	155.948	189.237					114.919	184.002	57.452	181.194	229.902	185.639	42.889	173.645
103	2	3.54	334.639	168.572	347.27	56.93	352.032	106.626	338.148	99.766	321.252	47.902	334.906					38.666	333.043	38.133	329.576	99.024	334.222	43.148	304.829
103	3	21.791	1302.771	-20.059	1390.534	0.934	1322.916	15.444	1224.634	5.497	1134.86	-91.706	1213.757					-11.795	1274.865	32.002	1249.99	-6.805	1261.854	12.476	1169.347
106	1	23.963	187.098	412.14	189.407	91.828	189.546	308.891	184.724	259.217	178.689	146.745	189.536					89.337	185.18	60.605	181.425	292.645	186.108	37.035	178.925
106	2	6.202	333.36	191.529	347.45	72.043	349.278	137.491	335.902	120.086	318.766	45.465	335.007					27.68	335.281	43.826	329.302	120.887	336.013	36.259	312.954
106	3	7.185	1321.555	17.905	1353.696	11.684	1312.405	59.574	1211.494	77.882	1119.154	-102.524	1228.221					-15.392	1277.014	25.831	1245.437	-7.753	1255.634	-26.732	1197.258
109	1	22.56	186.95	382.277	194.436	97.094	193.475	341.932	190.3	280.843	171.104	159.992	191.97					77.786	184.232	58.404	182.579	352.411	186.907	40.83	174.25
109	2	5.11	334.53	186.211	346.197	78.234	354.649	155.324	341.167	145.512	303.111	52.804	333.037					23.439	338.132	41.716	331.425	149.781	337.086	42.515	309.453
109	3	-9.96	1323.665	9.959	1359.129	14.606	1310.715	54.839	1207.295	135.219	1030.493	-54.882	1192.187					-16.285	1278.614	8.476	1246.916	-3.009	1235.354	-20.295	1182.525
112	1	16.427	191.394	351.688	191.848	103.564	193.546	388.92	198.391	326.734	171.706	140.334	191.263					81.459	185.902	55.604	184.089	409.14	197.112	38.984	174.992
112	2	2.452	336.303	166.534	349.382	81.521	355.062	181.144	345.173	168.734	305.599	38.706	337.743					21.522	342.51	40.089	333.557	184.521	341.627	41.792	308.164
112	3	-2.995	1314.542	20.639	1349.722	9.526	1315.074	50.42	1201.725	112.861	1048.597	-70.753	1183.307					19.983	1245.291	28.826	1246.54	3.057	1234.629	-9.576	1164.843
115	1	12.091	191.564	311.708	199.342	107.994	191.517	418.716	191.797	345.146	174.156							101.594	186.065	58.401	183.923	398.725	195.88	35.074	178.503
115	2	1.076	339.253	148.831	349.162	83.752	355.995	204.615	342.337	174.371	311.197							27.531	343.586	42.913	332.596	182.063	340.625	34.582	314.98
115	3	10.298	1302.049	6.8	1357.202	9.221	1311.808	40.61	1202.883	53.687	1115.15							66.3	1227.163	2.062	1247.949	-0.099	1237.822	-17.731	1175.298
118	1	13.985	192.091	269.74	191.991	111.044	193.807	402.97	185.943	332.869	175.362							156.21	188.011	56.428	183.304	373.402	184.83	38.489	176.587
118	2	1.165	340.66	117.511	354.287	87.409	355.741	205.006	338.182	166.309	313.663							49.251	344.422	51.371	332.119	172.078	336.262	44.398	311.944
118	3	8.868	1297.008	46.695	1312.737	17.885	1292.848	30.443	1197.25	43.125	1120.71							72.555	1226.348	26.072	1225.199	-13.717	1225.026	-14.971	1140.594
121	1	18.629	186.446	234.713	192.144	106.288	193.994	374.708	187.801	378.133	175.264							209.132	187.546	56.144	183.458	417.42	186.497	34.804	182.607
121	2	6.155	338.167	100.322	354.477	81.838	358.18	187.161	341.033	197.347	307.79							68.215	347.029	52.234	334.195	194.594	337.14	39.176	320.156
121	3	-19.698	1333.535	59.909	1301.395	6.146	1294.366	26.785	1203.618	108.101	1059.195							53.662	1211.662	28.731	1221.503	4.763	1221.659	-44.404	1169.859
124	1	16.963	186.27	209.014	192.361	107.339	194.11	325.543	190.328	412.366	176.615							258.166	188.774	52.855	185.015	412.486	202	43.713	176.885
124	2	4.156	340.714	85.54	357.982	81.612	358.567	164.847	341.908	215.087	313.717							87.532	348.749	49.708	335.55	192.884	344.526	52.61	312.165
124	3	-9.895	1309.488	66.477	1284.499	27.894	1274.372	24.175	1199.803	35.848	1126.879							77.555	1193.613	19.355	1225.414	27.003	1215.487	0.792	1123.626
127	1	18.806	187.37	193.343	194.649	107.658	195.87	281.392	194.309	380.635	176.592							295.165	189.086	55.624	185.007	315.559	201.618	40.466	179.278
127	2	4.655	342.159	78.472	359.178	74.914	362.678	138.271	345.71	196.998	314.483							107.405	348.32	54.473	335.975	145.615	346.411	42.783	318.771
127	3	-3.543	1303.871	98.288	1246.391	16.17	1273.645	-5.992	1196.436	64.402	1111.92							73.18	1193.419	43.719	1197.99	34.276	1203.473	-11.697	1148.656
130	1	17.534	189.175	171.126	195.387	111.224	196.89	258.103	193.201	399.505	178.148							351.448	190.266	51.655	187.245	298.508	192.443	40.817	180.816
130	2	4.861	345.546	70.005	360.365	80.293	365.158	129.408	346.65	206.129	320.86							134.949	348.372	52.094	339.943	138.587	340.987	42.719	322.858
130	3	10.403	1292.847	104.707	1228.114	11.523	1258.91	-4.972	1195.17	26.368	1141.157							35.011	1221.147	17.741	1217.41	18.184	1207.986	13.164	1115.079
133	1	15.916	189.457	141.242	195.063	110.26	196.526	206.615	200.26	343.254	179.657							361.088	189.569	39.463	187.247	206.454	197.5	39.509	182.622
133	2	1.972	347.949	55.143	363.307	83.871	366.402	104.022	353.19	179.019	322.215							142.172	351.421	27.329	341.484	96.573	345.554	40.395	325.806
133	3	32.385	1272.417	116.037	1206.589	35.554	1242.228	5.257	1189.094	24.816	1140.957							83.371	1188.573	-0.273	1211.82	15.386	1208.714	11.546	1119.041
136	1	16.033	190.558	117.421	194.765	109.318	200.068	188.499	196.17	236.649	180.093							346.934	191.414	40.771	187.077	186.641	193.132	31.843	191.901
136	2	-0.402	350.958	46.569	363.237	80.266	368.844	102.35	347.719	129.746	322.936							138	352.416	33.429	340.632	84.242	348	32.831	332.043
136	3	2.263	1293.881	147.633	1187.263	31.458	1248.834	-13.928	1187.072	11.139	1151.996							94.599	1188.994	28.154	1191.94	30.982	1197.202	18.038	1112.342
139	1	13.271	190.176	106.607	194.755	102.277	204.146	185.636	194.673	251.068	180.558							344.121	196.878	41.51	188.069	171.675	192.56	44.973	185.083
139	2	-1.489	352.13	41.349	364.992	75.045	375.409	99.318	347.878	139.252	321.188							145.824	350.271	32.337	343.53	84.551	349.118	38.141	331.811
139	3	5.924	1280.803	156.601	1162.766	34.84	1212.347	-7.626	1180.217	36.223	1117.584							2.581	1259.472	10.312	1189.329	31.329	1191.636	39.638	1089.661
142	1	13.664	192.244	105.848	196.179	106.06	198.395	180.42	192.578	223.04	181.074							360.982	194.575	42.845	190.397	152.042	192.715	46.466	185.228
142	2	-0.135	355.502	41.729	368.428	78.657	368.322	98.623	349.971	126.371	322.519							152.045	354.303	31.129	348.357	75.305	351.178	35.899	332.014
142	3	0.447	1279.189	167.895	1148.579	79.864	1160.74	-10.149	1178.29	28.331	1103.503							43.336	1220.263	6.46	1199.618	27.357	1190.279	12.684	1086.288
145	1	14.11	191.898	107.915	196.733	106.423	197.976	169.725	194.738	200.558	181.982							437.446	193.227	44.576	191.024	144.154	192.406	48.289	186.461
145	2	1.975	355.568	42.863	369.184	74.528	368.906	90.159	354.017	110.931	325.547							184.058	356.442	27.603	350.592	68.713	355.068	37.604	335.217
145	3	-10.201	1278.518	175.993	1132.341	66.759	1160.402	-17.626	1166.638	-0.301	1133.55							39.439	1206.159	-4.352	1194.246	40.553	1172.097	18.909	1085.182
148	1	12.003	194.076	112.421	198.575	94.187	200.127	165.278	193.957	133.561	182.089							468.944	200.98	46.356	189.248	132.221	194.298	49.163	186.255
148	2	0.856	357.469	44.115	370.566	58.939	374.912	85.38	351.336	77.65	326.396							206.933	358.493	34.853	345.453	59.463	362.388	30.325	335.378
148	3	-2.437	1273.41	172.036	1131.567	59.437	1154.751	-10.146	1174.236	1.392	1128.334							13.697	1235.736	56.384	1131.279	68.789	1142.508	6.762	1086.805
151	1	11.775	193.967	111.028	199.4	103.069	200.922	145.671	207.28	154.156	183.171							460.563	196.769	38.01	194.692	115.664	195.385	56.08	187.267
151	2	0.754	360.189	46.383	375.247	76.297	376.359	78.915	363.08	92.866	328.444							211.939	361.438	20.995	361.013	59.178	363.493	43.901	336.447
151	3	2.465	1261.878	174.531	1116.012	76.385	1143.117	4.572	1159.329	45.58	1096.321							-18.198	1238.372	6.11	1175.632	78.366	1135.432	-27.518	1097.203
154	1	11.178	191.926	101.577	199.494	100.397	201.136	136.909	195.048	136.488	183.702							453.7	195.39	37.471	193.621	94.276	196.076	53.085	187.12
154	2	0.845	359.212	46.499	375.16	76.62	376.575	83.207	353.016	88.065	328.542							225.758	362.491	26.217	357.727	50.061	365.743	38.443	337.649
154	3	-23.491	1267.868	174.917	1119.357	81.326	1135.581	-3.281	1171.019	79.117	1087.949							-42.245	1254.261	7.666	1176.943	84.341	1143.333	-1.715	1068.894
157	1	10.846	192.197	118.152	197.508	96.252	200.225	145.464	192.153	135.466	183.051							495.433	195.133	40.556	194.408	98.663	193.317	58.01	186.802
157	2	-3.356	363.172	54.571	375.8	75.737	377.846	86.306	351.402	81.167	328.908							235.458	366.353	22.487	363.102	57.447	360.441	38.392	338.698
157	3	-24.671	1277.413	180.71	1105.651	64.484	1151.914	6.996	1171.276	72.649	1073.875							4.993	1205.255	12.429	1173.465	73.398	1129.187	-8.243	1075.75
160	1	13.479	193.338	130.691	198.673	90.438	200.267	134.84	192.568	120.126	194.162							472.066	196.149	41.269	194.988	89.081	193.127	56.116	186.979
160	2	0.877	361.101	53.655	378.25	73.307	379.338	78.572	353.959	47.238	361.59							222.529	366.806	20.651	364.882	49.739	363.673	39.343	341.029
160	3	-15.702	1266.401	169.332	1105.531	96.938	1112.261	-19.709	1172.686	1.594	1134.018							-24.335	1230.736	24.431	1158.187	68.976	1121.254	-1.169	1065.103
163	1	12.513	192.806	135.282	198.662	81.344	200.435	125.754	193.052	102.319	185.55							446.56	196.407	43.75	195.313	84.041	194.813	53.543	189.301
163	2	0.262	366.165	60.001	380.888	53.588	382.021	75.197	355.269	65.09	333.848							221.875	368.615	27.274	365.278	53.419	365.958	29.768	347.347
163	3	-7.707	1259.497	183.392	1083.585	80.392	1133.001	-7.611	1162.159	19.559	1102.277							-34.002	1223.85	6.408	1164.365	51.648	1116.019	-1.12	1065.638
